Company,Business Type,County,Total Employees,Number Affected,Date of Notice,Layoff Date,Closing Date,Reason for Dislocation,Classification,Reason Stated for Filing,Union,Contact,Phone,Case_ID
"NBC Universal
                            30 Rockefeller Plaza
New York, NY 10112",Television broadcasting,New York | WIB: NEW YORK CITY | Region: NEW YORK CITY,-----,A  total of approximately 489 individuals were  given notices of possible layoffs.,12/31/2007,Not  provided,-----,"On November 5, 2007, the Writers Guild of America  (WGA) initiated a strike against some of the film and television productions  that were signatory to the 2004 WGA Agreement, or otherwise have work within  the WGAs jurisdiction, including NBC Universal. At this stage, it is not possible to predict  how long that work stoppage might last.",Conditional Layoff,Possible  Layoffs,WGA,,(212) 664-7024,1716
"MAXjet Airways
Terminal 4 JFKIAT, JFK International   AirportJamaica,  NY  11430",Airlines,Queens | WIB: NEW YORK CITY | Region: NEW YORK CITY,110,110,12/27/2007,12/24/2007,1/7/2008,Economic,Plant Closing,Plant  Closing,-----,"John Severson, EVP, and Chief Financial Officer",(703) 574-6601,1715
"Interboro Institute, Inc. (Main Campus)
   450 W.    56th Street
   New York, NY 10019",Junior Colleges,New York | WIB: NEW YORK CITY | Region: NEW YORK CITY,191,191,12/21/2007,12/21/2007,12/21/2007,"The  decision to close Interboro was caused by an unsuccessful attempt to raise  additional capital for Interboro that would allow the college to transition its  educational programs to a model that could succeed despite changes in ability  to benefit (""ATB"") test regulations that were mandated by the New  York Board of Regents on September 11, 2007.",Plant Closing,Plant  Closing,Local 153 -  OPIEU,"Michael J. O'Brien, Esq.",(646) 346-6165,1713
"Washington Mutual
		1983 Marcus Avenue
Lake Success, NY  11042",Financial Institute,"Nassau | WIB: Oyster Bay  | Region: Long Island
		New York / WIB:  NYC / Region:  NYC",75,75,"12/17/2007 					

Control Number:  2007-W092 - W093

Rapid Response Specialist	: Frederick Danks
Linda Foehr
Reason Stated for Filing: 	Plant Closing
Company:	Washington Mutual
		1983 Marcus Avenue
Lake Success, NY  11042
County:		Nassau | WIB: Oyster Bay  | Region: Long Island
		New York / WIB:  NYC / Region:  NYC
Contact:		Joseph Massey, Vice President/Manager - Business Strategy
Phone:  (206) 500-2073
Business Type: 	Financial Institute
Number Affected:     75
Total Employees:	      75
Layoff Date:	2/15/2008
Closing Date:	2/15/2008
Reason for Dislocation:	Restructuring of company
ERNUM:   -----
Union:	Washington Mutual does not provide ""bumping rights"" for displaced employees.
Classification: 	Plant Closing
Other Site Affected:
2007-W093:  623 Fifth Avenue, New York, NY 10022 (64 affected)",2/15/2008,2/15/2008,Restructuring of company,Plant Closing,Plant Closing,"Washington Mutual does not provide ""bumping rights"" for displaced employees.","Joseph Massey, Vice President/Manager - Business Strategy",(206) 500-2073,1706
"CompUSA, Inc. (Store #551)
		420 Fifth Avenue",,,,,12/17/2007,,,,,Plant Closing,,,,1705
"Standard Motor Products, Inc. 
(SMP)37-18 Northern 
BoulevardLong Island 
City, NY 11101","Manufacturer and distributor of replacement parts for motor 
vehicles",Queens | WIB: NEW YORK CITY | Region: NEW YORK CITY,171,171,12/17/2007,4/1/2008,6/30/2008,"Manufacturing plant relocated to Independence, Kansas 
and Reynosa, Mexico",Plant Closing,Plant Closing,Local 365 of the United Automobile Workers,Debbie James,(718) 392-0200,1704
"Great Lakes Bancorp, Inc.
2421 Main Street
Buffalo, NY  14210",Bank holding company,Erie | WIB: ERIE  | Region: WESTERN REGION,-----,117,12/17/2007,2/15/2008,-----,"Pending Shareholder approval, Great Lakes Bancorp, Inc. will be acquired by First Niagara Financial Group, Inc. at the close of business on February 15, 2008.",Mass Layoff,Mass Layoff,Non-union staff are affected by this staff reduction.  Bumping rights do not exist.,"Jill M. Kelly, Vice President, Human Resources Services",(716) 625-7530,1703
"Ideal Merchandising Division of DDP Holdings, Inc.  (Corporate offices)
   441 Apollo    Beach Boulevard
  Apollo Beach, FL 33572",Stocks shelves in the plumbing and electricity supply  sections for larger retailers,"Suffolk | WIB: Suffolk | Region: Long Island 
   
  Contact: Jon Woodham, HR Administrator with SPMI, a Human  Resource Outsourcing Company",(There are a total of 751 permanent  full-time employees in the company throughout the United States.),1,12/11/2007,1/30/2008,1/30/2008,This action is because of an unforeseeable loss of  contract to provide services which is the sole function of the business.,Other,Layoff;  Plant Closing,The company is not a union facility.,,(479) 474-7752,1700
"Delta Funding Corporation (DFC)
   1000 Woodbury    Road
  Woodbury, NY 11797",Specialty consumer finance company,Nassau | WIB: OYSTER BAY | Region: LONG ISLAND,-----,191,12/11/2007,12/7/2007,-----,DFC's decision to seek bankruptcy protection,Mass Layoff,Mass  Layoff,The affected employees are not represented  by a labor organization and no transfer or “bumping rights” are applicable.,"Leah Landro, Senior Vice President, Human Resources",(516) 812-8278,1699
"Stoffel Seals Corporation
   400 High Avenue
  Nyack, NY 10960",Manufacturer of Security Seals and Brand  Identification,Rockland | WIB: ROCKLAND | Region: HUDSON VALLEY,66,66,12/10/2007,April 2008,April 2008,"Relocating production to Tallapoosa,   Georgia",Plant Closing,Plant  Closing,None of the affected employees are  represented by a union.,"Carol Stokes, Human Resources Manager",(845) 689-3008,1694
"FloorServe, Inc.
   309 North    Hamilton Street
  Dalton, GA 30720","Provides outside sales representative services. As a result, FloorServe does not maintain a  central office in any state other than Georgia. Accordingly, the majority of FloorServe’s  employees work out of their homes in outlying locations throughout the United States. Six (6) New York State  employees are affected.","Onondaga | WIB: Onondaga  | Region: Central Region
   Sch’dy / WIB: Albany/Rens./Sch’dy / Region: Capital  District
   Monroe / WIB: Monroe/Rochester /  Region: Finger   Lakes
   Richmond  / WIB: NYC / Region: NYC-Staten   Island
   Niagara / WIB: Niagara  / Region: Western Region
   Orange  / WIB: Orange / Region: Hudson   Valley Region",-----,"1 (Liverpool,   NY resident)",12/7/2007,1/31/2008,1/31/2008,FloorServe’s  only client cancelling contract with FloorServe.,Other,Layoff;  closing,No FloorServe employees are represented by a  union.,"Diane Hughes, Human Resources",(706) 278-8300 ext. 100,1692
"Southern Wine & Spirits of New York (inVision division)
   345 Underhill    Boulevard
  Syosset, NY 11791",Provides  promotional services to the Company's suppliers,"Nassau | WIB: Oyster Bay  | Region: Long   Island
   Onondaga  / WIB: Onondaga / Region: Central Region",-----,118 - 4 FT and 114 PT,12/6/2007,2/4/2008,2/4/2008,Outsourcing services to another agency,Plant Unit Closing,Plant  Unit Closing,None of the affected employees are unionized  and there are no bumping rights available.,"Eugene T. Reilly, Director, Human Resources",(516) 730-3879,1691
"Servisair LLC
   Bldg.# 151, Suite 310B
   John F. Kennedy Airport
  Jamaica,  NY  11430",Ground Handling services,Queens | WIB: NEW YORK CITY | Region: NEW YORK CITY,-----,405,12/3/2007,1/31/2008,-----,Non Renewal by Terminal One Group Association of  Ground Handling Contract at John   F. Kennedy   Airport,Mass Layoff,Mass  Layoff,Some of the affected employees have bumping  rights.,"Glenn J. Bassett, Regional Director U.S. Eastern  Region",(516) 903-8152,1689
"IMS
   100 Walnut    Street #1
  Champlain,   NY 12919",Business operations (parent company LaPoste),Clinton | WIB: CEFH |  Region: North Country,8,8,11/27/2007,3/15/2008,3/31/2008,"This action is being taken because the need for the  service IMS provides has been drastically reduced over the past three  years. Therefore, IMS business  operations (parent company LaPoste) are being absored by Brokers Worldwide  (parent company LaPoste) and moved to Folcroft,   PA.",,Plant  Closing,This company is not union affiliated.,"Anne Searl, Human Resources Manager, Brokers Worldwide",(610) 461-3661,1682
"Health Insurance Plan of Greater New    York 
  Claims and Customer Service Departments
   55 Water Street 
  New York, NY 10041",Health Insurance claims and customer service,New York | WIB: NEW YORK CITY | Region: NEW YORK CITY,-----,260,11/20/2007,"The separations are expected to take place over a  14-day period commencing on
  January 18, 2008.",1/18/2008,Economic,Plant Unit Closing,Plant Unit Closing,"Office and Professional Employees International Union (OPEIU), Local 153, AFL-CIO","Terry Lynn Smith, Vice President of Human Resources",(646) 447-5860,1679
"Guild Home for Aged Blind
   75 Stratton    Street South
  Yonkers, NY 10701",Home for Aged Blind,Westchester | WIB: Yonkers | Region: HUDSON VALLEY,264,264,11/16/2007,"Employees will be laid-off in phases over a 90-day  period, commencing approximately January 15, 2008.",1/15/08  - - 4/15/08,Economic,Plant Closing,Plant  Closing,1199 SEIU  United Healthcare Workers East,"Peter Ferolito, Director of Human Resources",(914) 220-8511,1677
"Southworth-Milton, Inc.
   2140 Military    Road
  Tonawanda, NY 14150","Caterpillar machine sales and rentals, engine sales  and rentals and service",Erie | WIB: ERIE  | Region: WESTERN REGION,54,54,11/16/2007,1/18/2008,1/18/2008,Economic,Plant Closing,Plant  Closing,"Local 17,  IUOE, AFL-CIO","Mark R. Biron, Vice President, Product Support",(508) 634-3400,1676
"MedAvant Healthcare Solutions
   419 East Main    Street
  Middletown, NY 10940",Healthcare solutions,Orange | WIB: ORANGE | Region: HUDSON VALLEY,-----,Coalition America may not offer employment to  5 – 20 positions.,11/15/2007,1/15/2008,1/15/2008,Pending sale of MedAvant Healthcare Solutions National  Preferred Provider Network to Coalition America.,Other,Plant  Closing,No employees have “bumping rights” under the  circumstances of this layoff.,"Peter E. Fleming, III 
  EVP & General Counsel",(203) 814-7202,1673
"GreenPoint Mortgage Funding, Inc. 
  Commercial Lending Division
   265 and 275    Broadhollow Road
  Melville, NY 11747",Commercial Lending Division,Suffolk | WIB: SUFFOLK | Region: LONG ISLAND,35,35,11/15/2007,1/15/2008,1/15/2008,Economic,Other,Plant  Closing,The affected employees at these facilities  are not represented by any union.,"Jean Gunn, Senior Vice President",(415) 878-5000,1672
"Delta Funding Corporation
   1000 Woodbury    Road
  Woodbury, NY 11797","Specialty consumer finance company engaged in  originating, securitizing, and selling non-conforming mortgage loans.",Nassau | WIB: OYSTER BAY | Region: LONG ISLAND,-----,174,11/14/2007,11/8/2007,-----,Economic,Mass Layoff,Mass  Layoff,The affected employees are not represented  by a labor organization and no transfer or “bumping rights” are applicable.,"Leah Landro, Senior Vice President , Human Resources",(516) 812-8278,1671
"PLVTZ, Inc.  
  Levitz, Inc. 
   233 Broadway  
  New York, NY 10279",Furniture,"New York | WIB: New York City | Region: New York City 
   Nassau  / WIB: Oyster Bay  / Region: Long Island",140 (both  sites),140 (both sites),11/9/2007,Separations are expected to occur between 1/9/08 –  1/23/08.,1/9/08,"Economic; possible Bankruptcy Court disapproval on bid  of sale of PLVTZ, Inc.’s operations.",Plant Closing,Plant  Closing,Employees do not have bumping rights in this  situation.,"Samuel E. Scruggs, Jr.",(212) 634-2206,1668
"Best Metropolitan Towel & Linen Supply Co., Inc.

   45 Kosciusko    Street
  Brooklyn, NY 11205",Linen Supply Services,Kings | WIB: NEW YORK CITY | Region: NEW YORK CITY,60,60,11/8/2007,1/2/2008,1/2/2008,Unknown,Plant Closing,Plant  Closing,Laundry &  Dry Cleaning Allied Workers Joint Board,"Edward Savarese, Owner",(718) 622-4710,1666
"Victory Memorial Hospital  
   699 92nd Street 
  Brooklyn, NY 11228 
   
  Brighton Beach Clinic
  3049 Brighton Sixth Street 
  Brooklyn, NY 11224",Hospital,Kings | WIB: NEW YORK CITY | Region: NEW YORK CITY,513,513,11/6/2007,"Layoffs will occur beginning January 1, 2008 and will  involve three (3) separation dates: (a) January 1, 2008; (b) January 16, 2008;  and (c) January 31, 2008",1/31/2008,Berger Commission impacted closure,Plant Closing,Plant  Closing,SEIU Local  1199,"Vincent Calamia, MD, President and CEO",(718) 567-1847,1665
"Cabrini Medical Center
   227 East 19th    Street
   New York, NY 10003",Hospital,New York | WIB: NEW YORK CITY | Region: NEW YORK CITY,778,778,11/1/2007,"All employee  separations will take place during the 14-day period between December 31, 2007  and January 14, 2008.",1/14/2008,Berger Commission impacted closure,,Plant  Closing,1199/SEIU;  NYSNA; SSOBA,"Diane Kniejski, Executive Vice President/Chief  Operating Officer",(212) 995-6156,1664
"KeyCorp and U.S.B. Holdings Co., Inc. (U.S.B.), the holding company 
    of Union State  Bank
   100 Dutch Hill    Road
  Orangeburg, NY 10962",Financial Services Company,Rockland | WIB: ROCKLAND | Region: HUDSON VALLEY,184,184,11/1/2007,It is expected the first terminations will occur on  1/1/08 and will continue through 6/30/08.,6/30/2008,"KeyCorp has agreed to acquire U.S.B.  Holdings Co., Inc. (U.S.B.), the holding company of Union State Bank,  headquartered in Orangeburg,   New York, on or about 1/1/08,  which will necessitate the loss of jobs at the Orangeburg site.",,Plant Closing,-----,"Katie Ladd, Human Resources",(216) 689-0812,1663
"IHMS, LLC dba The Pierre
   2 East 61st    Street
  New York, NY",Hotel,New York | WIB: NEW YORK CITY | Region: NEW YORK CITY,268,268,10/31/2007,"12/31/2007; 12/29/07 for employees represented by the  Associated Musicians of Greater New York, Local 802 AFM",-----,"The Hotel building will be undergoing extensive  renovations which will result in the closure of the restaurant, bar, room  service and transient hotel operations for a period estimated to be at least 12  months.",Temporary Plant Closing,Temporary  Plant Closing,"Associated  Musicians of Greater New York, Local 802 AFM; The New York Hotel & Motel  Trades Council, AFL-CIO affiliated with the Hotel Employees & Restaurant  Employees International Union. The  layoff is expected to be permanent for employees not represented by a labor  organization and temporary for employees represented by a labor organization,  except for those represented by the Associated Musicians of Greater New York,  Local 802 AFM.","Yvonne Mancini, Director of Human Resources",(212) 838-8000,1662
"Owens Corning
   1277 Feura Bush    Road
  Feura Bush, NY 12067",Manufacturer of insulation,Albany  | WIB: CAPITAL DISTRICT | Region: CAPITAL  DISTRICT,-----,136,10/31/2007,The  first employees will be temporarily laid-off on 12/31/2007  and the layoff announcements will possibly  continue through 1/13/2008.,-----,Temporarily  discontinuing operation of one of two of their manufacturing lines due to economic problems related to national housing market.,Temporary Mass Layoff,Temporary  Mass Layoff,"Glass,  Molders, Pottery, and Plastics, Local #77","Anthony J. Williams, HR Leader, Owens Corning Delmar  Plant",(518) 475-3606,1661
"The Peninsula New York Partnership dba The Peninsula  New York
   700 Fifth    Avenue
  New York, NY 10019-4101",Hotel,New York | WIB: NEW YORK CITY | Region: NEW YORK CITY,-----,100,10/30/2007,12/31/2007,12/31/2007  (Spa),Hotel building will be undergoing renovations which  will result in the closure of the Spa for a period estimated to be at least 6  months. The layoff of the employees is  exptected to be temporary.,Temporary Layoff/Temporary Plant Unit Closure,Layoff,None of the affected employees are  represented by a labor union.,"Fanchea Clarke, Director of Human Resources",(212) 956-2888,1660
"WMC-GEMB Mortgage Corp.
   1 Ramland Road
  Orangeburg, NY",Mortgage Business,Rockland | WIB: ROCKLAND | Region: HUDSON VALLEY,96 (at the  site),150 (96 at the site and 54 remote employees located  throughout the area),10/30/2007,12/29/2007,12/29/2007,Economic,Plant Closing,Plant  Closing,None of the employees are represented by a  union.,"Rachel Lieberman, Vice President & Senior Counsel",(203) 585-6318,1659
"IWCO Direct
   40 Daniels    Street
  Farmingdale, NY 11735",Direct Marketing,"Nassau | WIB: Oyster Bay  | Region: Long   Island 
   Suffolk  / WIB: Suffolk / Region: Long Island",325,183,10/22/2007,10/17/2007 – 12/31/07,-----,Consolidation,Mass Layoff,Mass  Layoff,The affected employees are not represented  by a union.,"Joyce Goodrich, Human Resources Manager",(952) 470-6430,1654
"Sodexho
   90 Merrick    Avenue, Suite 210
  East Meadow, NY 11554",Environmental Services,Nassau | WIB: HEMPSTEAD  | Region: LONG ISLAND,84,84,10/22/2007,11/30/2007,11/30/2007,"Sodexho  has received notice from Bon Secours Health  Systems, Inc. on behalf of itself and its affilitate Good Samaritan   Hospital that, effective  11/30/07, the client will no longer use Sodexho to perform Environmental  Services.",Plant Closing,Plant  Closing,SEIU Local  32BJ,"Fran Fanelli, District Manager",(516) 521-1275,1653
"Kmart
   1701 Niagara    Falls Boulevard
  Amherst, NY 14228",Retail,Erie | WIB: ERIE | Region: WESTERN  REGION,94,94,10/19/2007,12/20/2007,1/9/2008,Economic,Plant Closing,Plant Closing,Bumping rights are non-existent.,"Tarek Brantley, Divisional Vice President, Human  Resources",(847) 286-0817,1652
"Van Der Moolen Specialists USA, LLC
   45 Broadway
  New York, NY 10006",Specialist firm on New York Stock Exchange,New York | WIB: NEW YORK CITY | Region: NEW YORK CITY,130,26,10/17/2007,12/14/2007,-----,New and advanced technology by the NYSE & changing  economic conditions.,Layoff,Layoff,There is no collective bargaining agreement  or collective bargaining agent for the affected employees. There are no bumping rights to other  employment.,William Floyd-Jones,(646) 576-2868,1651
"Taylor & Francis Group, LLC
   72 Grosset    Drive
   Kirkwood, NY 13795",International academic publisher,Broome | WIB: BROOME/TIOGA | Region: SOUTHERN  TIER,31,31,10/16/2007,Layoffs will take place during the period from 2/1/08  – 2/14/08.,2/1/08,Economic,Plant Closing,Plant  Closing,Taylor & Francis is not a party to a  collective bargaining unit.,"Kerrie Baker, Human Resources Director",(561) 998-2570,1649
"Cadbury Schweppes Americas Beverages
   900 King Street
  Rye Brook, NY 10573",Manufacture and sale of confectionery and soft drinks,Westchester | WIB: WESTCH/PTNM | Region: HUDSON VALLEY,-----,150,10/15/2007,The  first employment separations will likely take place on or about 12/11/07 and continue through 12/28/07.,-----,Economic,Mass Layoff,Mass  Layoff,None of the employees is represented by a  union.,"Laurie Huebner, Vice President, Human Resources",(914) 612-4270,1648
"Southworth-Milton, Inc.
   275 Market    Place Drive
   Rochester, NY 14623","Caterpillar machine sales and rentals, engine sales  and rentals and service",Monroe | WIB: MONROE | Region: FINGER LAKES,55,55,10/12/2007,12/14/2007,12/14/2007,Economic,Plant Closing,Plant  Closing,"Local 832,  IUOE, AFL-CIO","Mark R. Biron, Vice President, Product Support",(508) 634-3400,1647
"M&T Bank Corporation
   56-68 Exchange    Street
  Binghamton, NY 13901",Banking,"Broome | WIB: Broome/Tioga  | Region: Southern Region
   Onondaga / WIB: Onondaga / Region: Central Region
   Oneida  / WIB: HMO / Region: Central Region",-----,97,10/5/2007,Layoffs will begin on 12/31/07 and be completed by  3/31/08.,-----,"Merging Partners Trust Financial Group, Inc. with  M&T Bank Corporation",Mass Layoff,Mass  Layoff,-----,"C. Michael Zabel, Administrative Vice President",(716) 842-2311,1644
"Philips Electronics North America Corporation
   1251 Avenue of the Americas, 20th Floor
  New York, NY 10020-1104",Mfr. of  Consumer Electrical & Electronic Components,New York | WIB: NEW YORK CITY | Region: NEW YORK CITY,52,52,10/5/2007,12/31/2007,Terminations  will begin on 12/31/07 and run through 8/08.,"Relocating to Andover,  Massachussetts",Plant Closing,Plant  Closing,Affected  employees are not represented by a Union.,"John K. Skrypak, Vice President, Employment &  Labor Law",(212) 536-0830,1643
"Foxtons US
   30-56 WhiteStone Expressway, Suite 350
   Whitestone, NY 11354",Full service real estate agents,New York | WIB: NEW YORK CITY | Region: NEW YORK CITY,-----,68,10/1/2007,9/26/2007,-----,"Due  to its financial condition and a sharp downturn in market conditions.
   
  ERNUM: -----",,Layoff,None of the affected employees are  represented by a union.,Kathy  Currao,(732) 483-2102,1641
"McNaughton Apparel Group, Inc. (wholly owned  subsidiary of Jones Apparel Group, Inc.)
   1407 Broadway
   New York, NY 10018",Manufacturing of Ladies' sportswear,New York | WIB: NEW YORK CITY | Region: NEW YORK CITY,48,48,9/19/2007,11/19/2007,11/19/2007,Economic,,Plant  Closing,None of the affected employees is  represented by a union and none has any bumping rights.,"Aida Tejero-DeColli, Executive Vice President of Human  Resources
   180 Rittenhouse Circle
   Bristol,   PA 19007",(212)  801-8100; fax: (212) 801-8150 (numbers  listed on the company letterhead),1633
"American Axle & Manufacturing, Inc. 
   Buffalo Gear & Axle Plant
   1001 East    Delavan Avenue
   Buffalo, NY 14215",Automotive supplier of axles,Erie | WIB: ERIE | Region: WESTERN  REGION,728 (653  hourly;75 salary),264,9/19/2007,11/19/2007,-----,Economic,,Layoff,UAW Local 424,"Judy Giese, Personnel Director",(716) 891-7117,1632
"Smurfit-Stone Container Corporation
   7393 Shawnee    Road
   North Tonawanda, NY 14120",Corrugated Containers Plant,Niagara | WIB: NIAGARA | Region: WESTERN  REGION,101,101,9/17/2007,11/4/2007,11/4/2007,Closing plant and converting it into a joint venture  with Jamestown Container and Norampac that will supply corrugated cardboard  sheets for Norampac’s Lancaster  factory.,,Plant  Closing,"Hourly production employees are represented by the  United Steel Workers, Local 1736 and the Truck Drivers are represented by the  International Brotherhood of Teamsters, Local #449, Buffalo, New York.","Larry D. Cromer, Project Manager or Susan Staib",(716) 694-1000,1631
"Empire Beef Company, Inc.
   171 Weidner    Road
  Rochester, NY 14624 
  Contact: Jerry  DeCarbo",Wholesale full line food distrinbution,Monroe | WIB: MONROE | Region: FINGER LAKES,252,252,9/10/2007,11/6/2007,11/6/2007,Economic,Plant Closing,Plant  Closing,Teamsters  Local Union #118 and United Food and Commercial Workers International Union  Local One,"Maureen  T. Bass, Attorney for Empire Beef Company, Inc.",(716) 848-1361,1629
"Health Partners of New York LLC
   125 Baylis    Road, Suite 140
  Melville, NY 11747",Health Maintenance Organization,Suffolk | WIB: SUFFOLK | Region: LONG ISLAND,58,58,9/6/2007,10/31/2007,10/31/2007,Economic,Plant Closing,Plant  Closing,None of the employees are represented for  purposes of collective bargaining,Janet Gaffney,(631) 608-5726,1625
"Servisair
   John F. Kennedy Airport, Building 151
   Jamaica,  NY  11430","Building maintenance, janitorial, & other  passenger assistance services",Queens | WIB: NEW YORK CITY | Region: NEW YORK CITY,150,150,9/5/2007,10/31/2007,-----,Non Renewal by British Airways of Building Maintenance  Contract at John F. Kennedy Airport,,Mass  Layoff,-----,"Glenn J. Bassett, Regional Director U.S. Eastern  Region",(516) 903-8152,1624
"TTA Systems, LLC (TTA)
   7940 State    Route 415
   Bath, New York",Subway/railcar repair/refurbishment,Steuben | WIB: CSS | Region: SOUTHERN  TIER,-----,63,9/5/2007,The transition period has started and will continue through  10/31/07,-----,"TTA  had a project contract with Siemens. TTA has been advised by Siemens officials that Siemens  intends to transfer its assembly operations of the Boston Blue Line Project  from the Kanona Facility located at 7940    State Route 415, Bath,  NY to a facility located in Elmira Heights.",,Layoff,"There is no provision in the Companys  policies for transfer, bumping or reassignment","Karen L. Nisbet, HR Manager",(607) 324-0216,1623
"Sun Chemical
   441 Tompkins    Avenue
  Staten Island, NY 10305",Manufacture pigments for colors,Richmond | WIB: NEW YORK CITY | Region: NEW YORK CITY,63,78 (Fifteen  (15) employees were laid off on 8/1/07.),8/31/07,8/1/2007,1/31/2008,Competition from low cost providers particularly those  in China,Plant Closing,Plant  Closing,"IBT Local #97, IBEW Local #3 and Local  30-30A Operating Engineers","Dennis Lafferty, Director of Employee Relations, North America",(513) 830-8840,1622
"Wachovia Corporation
   11 Penn Plaza
  New York, NY 10001",Banking,New York | WIB: NEW YORK CITY | Region: NEW YORK CITY,77,64,8/28/2007,11/15/2007 – 07/30/2008,-----,Integration of business units,Mass Layoff,Mass  Layoff,No employees  are represented by a labor union,Susan Hiatt,(336) 732-3196,1620
"GreenPoint Mortgage Funding, Inc.
   265 and 275    Broadhollow Road
   Melville, NY 11747",Residential mortgage business,Suffolk | WIB: SUFFOLK | Region: LONG ISLAND,45,45,8/27/2007,8/23/2007,8/23/2007,Downturn in housing-related businesses,,Plant  Closing,The affected employees are not represented  by any union.,"Jean Gunn, Senior Vice President",(415) 878-5000,1616
"Countrywide Home Loans (Wholesale division)
   2 Jericho  Plaza, 3rd Floor
  Jericho, NY 11753",Mortgage Lender,Nassau | WIB: OYSTER BAY | Region: LONG ISLAND,50,50,8/22/2007,10/12/2007,10/12/2007,Economic,Plant Closing,Plant  Closing,-----,"Mr. Lyol Brumby, Manager, Employee Relations",(972) 608-6490,1615
"American Home Mortgage
   538 Broadhollow    Road, 520 Broadhollow Road  and 270 South Service Road
  Melville, NY 11747",Originates & services mortgage loans to homebuyers  & refinancers,Suffolk | WIB: SUFFOLK | Region: LONG ISLAND,1555,1555,8/21/2007,8/3/2007,-----,Downturn in housing-related businesses,Mass Layoff,Mass  Layoff,-----,"Karen Cooper, AVP, HR Business Partner",(631) 622-6562,1614
"First Magnus Financial Corporation (Long   Island Wholesale)
   1393 Veterans    Memorial Highway, Suite 214N
  Hauppauge, NY 11788",Mortgage company,Suffolk | WIB: SUFFOLK | Region: LONG ISLAND,51,51,8/20/2007,8/17/2007,8/17/2007,"Due to unprecedented conditions in both the national real estate market  and the sudden unexpected action of their investors in the secondary mortgage  market, First Magnus was forced to stop accepting loan applications and funding  loans effective August 16, 2007. Despite  their extensive efforts to continue normal operations, First Magnus permanently  shut down substantially all of its operations nationally effective August 17,  2007.",Plant Closing,Plant  Closing,None of the employees are represented by a  collective bargaining representative.,"Michael L. Walker, Associate General Counsel",(520) 618-9520,1613
"Nomura Holding America, Inc.
   2 World Financial Center, Building B
  New York, NY 10281",Broker/dealer,New York | WIB: NEW YORK CITY | Region: NEW YORK CITY,-----,57,8/16/2007,9/25/2007,-----,Economic,Layoff,Layoff,-----,Christopher Becker,(212) 667-9632,1612
"Albany International Corp.
   East Greenbush  Plant
   253 Troy Road
  Rensselaer, NY 12144",Press fabric manufacturing facility - Albany International is the world’s largest  producer of custom-designed paper machine fabrics and process belts that are  essential to the manufacture of paper and paperboard.,"Rensselaer | WIB: CAPITAL DISTRICT | Region: CAPITAL  DISTRICT
   Albany  | WIB: CAPITAL DISTRICT | Region: CAPITAL  DISTRICT",137,137,8/6/2007,9/15/2007,9/15/2007,Economic,Plant Closing,Plant  Closing,United Food  and Commercial Workers International Union –  Local #1139T,"Kenneth C. Pulver, VP, Global Marketing & Communications",518-445-2214,1609
"Frontier Telephone Company of Rochester, Inc.
   1225 Jefferson    Road
  Rochester, NY 14623
  County: Monroe | WIB: MONROE | Region: FINGER LAKES",Residential call center,,100,100,8/2/2007,9/30/2007,10/13/2007,"Entirely converting to a ""smaller""  home-based program",Plant Closing,Plant  Closing,"Local 2714,  UNITEHERE","Ann Burr, Senior Vice President & General Manager",(585) 777-6071,1607
"GCA Services Group, Inc. (located at St. John's University  (SJU))
   800 Utopia    Parkway
  Queens, NY 11439",Staffing services,Queens | WIB: NEW YORK CITY | Region: NEW YORK CITY,172,172 (160  hourly; 12 salaried/admin.),8/2/2007,8/3/2007,8/3/2007,GCA termination of service agreement with SJU,Plant Closing,Plant  Closing,"Service Employees International Union Local  32BJ, AFL-CIO","Bernie Decker, HR Manager",(865) 824-1403,1606
"AXA Equitable Life Insurance Co. (Broker Dealer  operating unit)
   1290 Avenue of the Americas
  New York, NY 10104",Broker dealer,New York | WIB: NEW YORK CITY | Region: NEW YORK CITY,"Approximately 2,000",68,7/27/2007,9/24/2007 - - 10/8/07; additional layoffs will  continue through 1/08.,-----,Business decision to close the unit,Plant Unit Closing,Plant  Unit Closing,-----,"Amalia Durazzo-Carroll, Director of Human Resources",(212) 314-3008,1604
"Univera Healthcare
   205 Park Club    Lane
  Buffalo, NY 14221",Home health care,Erie | WIB: ERIE | Region: WESTERN  REGION,75,75,7/25/2007,The  layoffs will occur within the 14-day period commencing 9/21/2007 .,9/21/07,Economic,Plant Closing,Plant  Closing,The affected employees are not represented  by a union and have no bumping rights.,"Timothy M. McNamara
  Vice President, Human Resources",(716) 857-6398,1603
"CareGuide
   755 Jefferson    Road
   Rochester, NY 14623",Call Center for Disease & Demand Management,Monroe | WIB: MONROE | Region: FINGER LAKES,45,39,7/18/2007,7/13/2007; 8/1/07; 8/24/07,8/24/2007,Economic,,Plant  Closing,-----,"Annabel Sanchez, Director of Human Resources",(954) 796-3661 or  1-800-276-2575,1601
"EMD Chemicals, Inc.
   7 Skyline Drive
  Hawthorne, NY 10532",Wholesale chemicals,Westchester | WIB: WESTCH/PTNM | Region: HUDSON VALLEY,65,65,7/18/2007,11/30/2007,12/31/2007,Organizational & Operational changes,Plant Closing,Plant  Closing,No employees are represented by a union,"Robert Hecht, Vice President & General Counsel or
   Gail Colatrella, Vice President Human  Resources","Mr. Hecht (856) 426-6300 ext. 380 
  Ms. Colatrella (856) 423-6300 ext. 306",1600
"First Advantage Corporation
   63 South    Service Road, Suite 210
  Melville, NY 11747",Background Services Group,Suffolk | WIB: SUFFOLK | Region: LONG ISLAND,58,58,7/18/2007,9/17/2007,9/17/2007,Economic,Plant Closing,Plant  Closing,-----,"Robert T. Curtis, Area HR Director",(727) 290-1000 ext.  2359,1599
"International Paper
   Geneva  Container Plant
   294 Gambee Road
  Geneva, NY 14456",Box/container production,Ontario | WIB: FINGER LAKES | Region: FINGER LAKES,74,74,7/17/2007,9/12/2007 – 9/26/2007,12/31/2007,Continuing decline of box demand in upstate New York,Plant Closing,Plant  Closing,"United Steel, Paper and Allied-Industrial, Chemical  and Energy Workers International Union","Michael R. Filyaw, Segment Human Resources Leader",(330) 202-3005,1598
"Hydro Aluminum North America, Inc. - Casthouse  Facility
   9 Aluminum    Drive
  Ellenville, NY 12428",Extruded Aluminum Products - Aluminum Casting,Ulster |  WIB: ULSTER | Region: HUDSON VALLEY,53,53,7/16/2007,9/14/2007,9/30/2007,Economic - Possible sale of plant,Plant Closing,Plant  Closing,"United Steelworkers of America, AFL-CIO-CLC & USWA  Local 7338","Krista Lyons, Director, Human Resources",(410) 858-7889,1597
"Berry Plastics Corporation
   Flexible Films Division
   78 Fernbrook    Street
  Yonkers, NY 10705",Manufacturer of plastic packaging,Yonkers | WIB: Yonkers | Region: HUDSON  VALLEY,67,67,7/10/2007,7/10/2007,10/1/2007,Economic,Plant Closing,Plant  Closing,"United Crafts  and Industrial Workers, Local 91","John Matuscak, President - Flexible Films Division",(952) 885-9273,1596
"Liz Claiborne, Inc.
   650 Fifth    Avenue
  New York, NY 10022",Retail - clothing,New York | WIB: NEW YORK CITY | Region: NEW YORK CITY,46,46,7/12/2007,9/10/2007,9/10/2007,Economic,Other,Plant  Closing,None of the affected employees are  represented by a union.,"Elizabeth Wolfson, Director, Human Resources",(212) 626-5424,1595
"Circle Line Statue of Liberty Ferry, Inc. (Circle  Line)
   17 Battery    Place, Ste. 715
   New York, NY 10004",Ferry transportation of passengers from New York and New Jersey to Liberty and  Ellis Islands.,New York | WIB: NEW YORK CITY | Region: NEW YORK CITY,165,165,7/11/2007,9/10/2007,9/10/2007,"United States National Park  Service’s (NPS) decision not to renew the concession agreement between it and  Circle Line for the transportation of passengers from New   York and New Jersey to Liberty and  Ellis Islands.  On June 28, 2007, the NPS awarded the concessions contract for the ferry  service to Hornblower Cruises and Events (“Hornblower”). Pursuant to its  soon-to-expire agreements with the NPS, Circle Line must sell its fleet of  boats and transfer control of the concessions operation to Hornblower;  Hornblower, however, is not under any obligation to hire any current Circle  Line employees.",,Plant  Closing,"International  Longshoremen’s Association, AFL-CIO","J. B. Meyer, President",(212) 809-0808,1592
"The Stop & Shop Supermarket Company LLC - Store  525
   330 Route 211 East
  Middletown, NY 10940",Supermarket,Orange | WIB: ORANGE | Region: HUDSON VALLEY,109,109,7/9/2007,7/31/2007,7/31/2007,Economic,Plant Closing,Plant  Closing,"United Food  and Commercial Workers International Union, AFL-CIO (UFCW), Locals 1262 & 464","Gail Jordan, Vice President, Human Resources",(732) 661-3649,1590
"Waste Management of New York,  LLC (Brooklyn Hauling Company)
   101 Varick Avenue
   Brooklyn, NY 11237",Waste collection,Kings | WIB: NEW YORK CITY | Region: NEW YORK CITY,180,180,7/3/2007,8/31/2007,-----,"Waste  Management contracted to sell certain assets of the Brooklyn Hauling Company to  Action Environmental Services, Inc. The  sale is expected to occur on or about 8/31/07; and as a result, Waste  Management will terminate the employment of these employees. The buyer plans to hire an unspecified number  of the former Waste Management employees.",,Conditional  Mass Layoff,"RWDSU, Local 116, Teamsters Local 813 and  Teamsters Local 282","Teresa Beiter, Human Resources Manager",518-755-4305,1589
"Gibbs & Cox, Inc.
   3 West 35th    Street and 485 7th Avenue.  Room 605T
   New York, NY 10001New York, NY 10018",Naval architects and marine engineers,New York | WIB: NEW YORK CITY | Region: NEW YORK CITY,43,12,7/2/2007,7/1/2007,-----,"Gibbs  & Cox, Inc was not awarded the AWD contract;  therefore a reduction in workforce was necessary.",,Layoff,There is no union that represents employees at  this facility.,"Lisa Russell, HR Director",(703) 416-3671,1588
"Bombardier Services Corporation
   JFK International   Airport, Bldg. 77 Eastern Road
  Jamaica,  NY  11430",Line maintenance services at JFK Airport,Queens | WIB: NEW YORK CITY | Region: NEW YORK CITY,7,7,7/2/2007,8/31/2007,8/31/2007,Comair termination of contract effective 8/31/07,,Plant  Closing,-----,"Marlena Booth, Human Resources",(304) 848-5045,1587
"Mobius Management Systems, Inc.
   120 Old Post    Road
   Rye, NY 10580","Mobius  Management Systems, Inc. is a leading provider of comprehensive software  solutions for enterprise archiving and records management",Westchester | WIB: WESTCH/PTNM | Region: HUDSON VALLEY,184,184,6/18/2007,8/14/2007,8/27/2007,"Allen  Systems Group, Inc. (ASG) has acquired Mobius Management Systems, Inc. (Mobius)",,Plant  Closing,The employees are not represented by any  union; and there will be no available “bumping rights.”,"Mr. Tom Romnios, Senior VP of Global Human Resources  at ASG",(239) 213-3413,1583
"SONY BMG Studios
   460 West 54th    Street
  New York, NY 10019",Recording studio,New York | WIB: NEW YORK CITY | Region: NEW YORK CITY,148,137,6/14/2007,8/15/2007,8/31/2007,Economic,Plant Closing,Plant  Closing,Fifty-three (53) of the one hundred and  forty-eight (148) positions are represented by a union.,Clemon Williams,(212) 833-5221,1581
"ProFoods  Restaurant Supply, Inc. (a wholly owned subsidiary of BJ's 
   Wholesale Club, Inc.)
   53-01 11th    Street
  Long Island City, NY 11101",Food products & supplies sales,Queens & Bronx | WIB: NEW YORK CITY | Region: NEW YORK CITY,64,64 (49 FT; 15 PT),1/9/2007,1/9/20067,1/26/2007,Economic,Plant Closing,Plant  Closing,Employees are not represented by a union.,"Ken Rowell, Assistant VP Manager of Field HR and Labor  Management 
  Phone: (508) 651-6196",,1580
"ARAMARK Management Services Limited Partnership  (ARAMARK)
   850 East 138th    Street
  New York, NY 10454",Provide  laundry services at Mt. Sinai,New York | WIB: NEW YORK CITY | Region: NEW YORK CITY,57,57,4/26/2007,7/1/2007,7/15/2007,"The Linen Services contract between The Mount Sinai  Hospital (Mt. Sinai) and ARAMARK Management Services  Limited Partnership (ARAMARK), to provide laundry services at 
  Mt. Sinai is scheduled to terminate sometime during the period  of July 1 – July 15, 2007. As a result,  ARAMARK will permanently close its laundry operations at company location noted  above.",Plant Closing,Plant  Closing,"Local 1199,  SEIU","Jim Valeri, Human Resources Director",(215) 238-3078,1579
"Bookspan
   401 Franklin    Avenue
  Garden City, NY 11530","Parent company of Doubleday Entertainment (the leading  marketer of book clubs and merchandise via direct mail and e-commerce in the U.S.) and Yes  Solutions (a preeminent provider of creative, media and logistics services.)",Nassau | WIB: HEMPSTEAD  | Region: LONG ISLAND,530,236,5/24/2007,The first job eliminations will occur on 5/21/07 with  subsequent staggered job eliminations taking place through August 2007.,-----,Economic,Mass Layoff,Mass  Layoff,Employees do not have bumping rights at this work  site. The employees at the work site are  not represented by a union.,"Janet C. Wolf, Senior Vice President",(516) 490-4550,1578
"St. Vincent's Midtown Hospital
   415 West 51st    Street
   New York, NY 10019",Hospital,New York | WIB: NEW YORK CITY | Region: NEW YORK CITY,600 - 700,600 - 700,6/12/2007,Separations  will begin on 8/13/2007,11/16/2007,Berger Commission impacted closure,,Plant  Closing,"1199 SEIU, RN Division; 1199 SEIU, Technical &  Service Employees; Special and Superior  Officers Benevolent Association","John Hernandez, Director Human Resources",(212) 459-8423,1577
"Becker-Parkin Dental Supply Company, Inc.
   450 W.    33rd Street
   New York, NY 10001",Dental supplies and Equipment,"New York | WIB: New York City | Region: New York City 
   Long Island / WIB: Nassau  (Hempstead) / Region: Long   Island",138,138,6/11/2007,Layoffs will begin on 7/1/07,9/1/2007,"Company  being purchased by Henry Schein, Inc. on 6/29/07",Plant Closing,Plant  Closing,"No employee at either location is  represented by a union, and employees do not have “bumping” rights.","Craig Greenberg, CFO",(212) 216-0758,1576
"Prudential Financial, Inc. 
   Prudential  Equity Group (PEG) facility
   One New    York Plaza,  13th Floor
  New York, NY","Institutional equity research, sales and trading  business",New York | WIB: NEW YORK CITY | Region: NEW YORK CITY,295,295,6/7/2007,"Layoffs  will commence within 14 days of August 14, 2007 and run through 
  January 11, 2008",1/11/2008,Economic,Plant Closing,Plant  Closing,There is no union that represents employees  at this facility,"Suzanne Cavanaugh McCabe, VP, Human Resources",(212) 778-5944,1574
"Swissport Cargo Services and Lufthansa
   JFK International   Airport
  Jamaica,  NY",Cargo handling,Queens | WIB: NEW YORK CITY | Region: NEW YORK CITY,224,149,6/6/2007,7/31/2007,-----,Swissport Cargo Services and Lufthansa will terminate  their Cargo Agreement at JFK   International Airport  effective 7/31/07.,Mass Layoff,Mass  Layoff,Local 851 -  Brotherhood of Teamsters,"Mr. Orlando Sargeant, Station Manager – JFK",(718) 578-6932,1572
"Brunswick Hospital Center's Nursing Home and
     PMR Building, both located at:
   366 Broadway
  Amityville, NY 11701",Nursing Home and PMR,Suffolk | WIB: SUFFOLK | Region: LONG ISLAND,223,223 103-Nursing Home; 120-PMR,5/31/07,5/23/2007 (PMR); 5/30/2007 (Nursing Home),5/23/2007 (PMR); 5/30/2007 (Nursing Home),Berger Commission impacted closure and because of  other unforeseeable business circumstances.,Plant Closing,Plant  Closing,-----,"Meltzer, Lippe, Goldstein & Breitsone, LLP 
   Attn: Peter A. Schneider, Esq.",(516) 747-0300  ext. 179,1570
"Bookspan
   401 Franklin    Avenue
  Garden City, NY 11530","Parent company of Doubleday Entertainment (the leading  marketer of book clubs and merchandise via direct mail and e-commerce in the U.S.) and Yes  Solutions (a preeminent provider of creative, media and logistics services.)",Nassau | WIB: HEMPSTEAD  | Region: LONG ISLAND,530,236,5/24/2007,The first job eliminations will occur on 5/21/07 with  subsequent staggered job eliminations taking place through August 2007.,-----,Economic,Mass Layoff,Mass  Layoff,Employees do not have bumping rights at this work  site. The employees at the work site are  not represented by a union.,"Janet C. Wolf, Senior Vice President",(516) 490-4550,1568
"Columbia Home Loans, LLC (CHL)
   400 Columbus    Avenue
   Valhalla, NY 10595",Mortgage loan broker,Westchester | WIB: WESTCH/PTNM | Region: HUDSON VALLEY,42,42,5/21/2007,7/3/2007,7/15/2007,Sudden and unexpected downturn in the subprime loan  market.,,Plant  Closing,The affected employees at this facility are  not represented by any union.,"Anne Johnson, SVP/Director of Human Resources",(732) 240-4500,1565
"Moore Wallace Albany 
 an RR  Donnelley Company
   120 Industrial    Park Boulevard
   Albany, NY 12206",Commercial Printing,Albany  | WIB: CAPITAL DISTRICT | Region: CAPITAL  DISTRICT,74,74,5/21/2007,7/21/2007,7/21/2007,"As a result of recent acquisitions by RR Donnelley,  the plant closure is necessitated by the redundancies that resulted from the  acquisitions.",,Plant  Closing,The affected employees are not represented  by a union.,"Robert Lewandusky, Vice President General Manager",(518) 435-2123,1563
"Faradyne Motors LLC
   1000 Technology    Parkway
  Newark, NY 14513",Manufacturer of submersible pump motors,Wayne | WIB: FINGER LAKES | Region: FINGER LAKES,80,50,5/16/2007,8/1/2007,-----,Economic,Mass Layoff,Mass  Layoff,-----,Diane Cantisano,(585) 331-5985,1562
"Community Premier Plus
   549 West 180th    Street, 2nd  Floor
  New York, NY 10033",Private not-for-profit health plan providing  for the needs of people in Manhattan and the Bronx.,New York | WIB: NEW YORK CITY | Region: NEW YORK CITY,114,114,5/15/2007,7/15/2007,7/15/2007,Economic,Plant Closing,Plant  Closing,1199 SEIU  represents 54 of the employees.,"Colette Orakwue, Director, Human Resources",(718) 742-2659,1561
"Citigroup Inc. (family of companies)
  New York","Banking, insurance, and investment services",New York | WIB: NEW YORK CITY | Region: NEW YORK CITY,-----,"1,073",5/4/2007,4/23/2007 – 2/1/2008,-----,Economic,Mass Layoff,Mass  Layoff,"No union represents these employees, nor do  any of the employees have a policy permitting “bumping rights.”","Roberto Hiriart, Senior HR Officer 
   Global  Consumer Group",-----,1556
"Brunswick Hospital Center's Nursing Home
   366 Broadway
  Amityville,   NY 11701",Nursing Home,Suffolk | WIB: SUFFOLK | Region: LONG ISLAND,127,127,5/4/2007,5/30/2007,5/30/2007,Berger Commission impacted closure,,Plant  Closing,-----,"Randi Palmer, Director of Human Resources",(631) 789-7307 or (631) 789-7281,1555
"McNaughton  Apparel Group, Inc. (wholly owned subsidiary of Jones Apparel Group,
   Inc.) 
   498 7th Avenue
  New York,   NY 10018",Manufacturing: Ladies' sportswear,New York | WIB: NEW YORK CITY | Region: NEW YORK CITY,-----,86,5/4/2007,7/16/2007,-----,Economic,Layoff,Layoff,None of the affected employees is  represented by a union and none has any bumping rights.,"Aida Tejero-DeColli, Executive VP of Human Resources
   Jones Apparel Group, Inc.",(215) 781-5207,1554
"Arcelor International America, LLC
   350 Hudson    Street, 4th  Floor
  New York,   NY 10014",Metals Service Center,New York | WIB: NEW YORK CITY | Region: NEW YORK CITY,72,72,5/4/2007,6/29/2007,7/13/2007,Economic,,Plant  Closing,There are no bargaining rights that apply to  the affected employees.,"Dale G. Huyvaert, Mittal Steel USA",(312) 899-3836,1553
"Thermo Fisher Scientific
   26 Tech Valley    Drive
  East Greenbush, NY 12061",Air Quality Equipment Manufacturer,Rensselaer / WIB: Albany/Rens./Schenectady / Region: Capital District,79,79,5/3/2007,"The first separation may occur as early as 6/4/07;  however, the majority of separations are expected to occur between the middle  of July 2007 and the end of October 2007.",10/26/2007,"Business consolidation into Franklin, MA  location",,Plant  Closing,The affected  employees are not represented by a Union.,"Susan Jezierny, HR Generalist",(508) 553-1584,1551
"Baumann & Sons Buses, Inc.
   35 Norm Avenue
  Bedford, NY 10507",Bus Company,Westchester | WIB: WESTCH/PTNM | Region: HUDSON VALLEY,97,97,5/1/2007,Layoffs will occur sometime between 6/15/07 and  6/29/07.,-----,Loss of contract with Bedford Public   School District,Mass Layoff,Mass  Layoff,IBT Local 456,"James J. Poisella, Jr., Director of Human Resources",(631) 471-4600 ext. 111,1550
"New York Periodicals Distributors, Inc.
   105 Kuhn Road
  Syracuse, NY 13208","Book, Periodical, and Newspaper Merchant Wholesalers","Onondaga | WIB: Onondaga | Region: Central  Region
   St. Lawrence / WIB: St. Lawrence /  Region: North Country",105,105,5/1/2007,During the 14-day period beginning 6/27/07,7/11/2007,"Sale of business operations to Hudson-RPM Distributors,  LLC",Plant Closing,Plant  Closing,The affected employees at these sites are  not represented by a union and do not have any bumping rights.,"Daniel E. Murphy, General Manager",(315) 455-2856,1549
"May Kwan Si, Inc. (Ollies Noodle Shop)
   200B W.    44th Street
  New York, NY 10036",Restaurant,New York | WIB: NEW YORK CITY | Region: NEW YORK CITY,75,75,4/30/2007,4/30/2007,4/30/2007,Loss of lease,Plant Closing,Plant  Closing,The affected employees at this facility are  not represented by a union.,"Tsu Yue Wang, President",(718) 359-7834,1548
"Contec Holdings, Ltd.
   1011 State    Street
  Schenectady, NY 12307",Cable-box repair company,Schenectady  | WIB: CAPITAL DISTRICT | Region: CAPITAL  DISTRICT,410,"131 - In  accordance with 29 U.S.C. 2104, the company shall provide wages and benefits to  all employees affected by this layoff for a period of 60 days.",4/30/2007,4/26/2007,-----,Economic,Layoff,Layoff,The employees affected by this layoff are  not represented by a union.,"Kimberly Miscavage, Senior HR Generalist",(518) 382-8000 ext. 2603,1547
"Bush Industries, Inc.
   315 Fair Oak    Street
  Little Valley, NY 14755",Ready to assemble furniture and case goods,Cattaraugus | WIB: ALL/CAT | Region: WESTERN REGION,90,90,4/27/2007,6/29/2007,8/31/2007,"Economic. On  4/2/07, a petition for TAA and ATAA was filed by 
  Soul Cherradi alleging job  losses due to increased imports of like or directly competitive article(s) from  a foreign country(s) and shifted production of the article(s) to a foreign  country(s).",Plant Closing,Plant  Closing,-----,"Soul Cherradi, Director of Employee Relations",(716) 665-2510 ext. 3329,1546
"ARAMARK Management Services Limited Partnership  (ARAMARK)
   850 East 138th    Street
  New York, NY 10454",Provide  laundry services at Mt. Sinai,New York | WIB: NEW YORK CITY | Region: NEW YORK CITY,57,57,4/26/2007,7/1/2007,7/15/2007,"The Linen Services contract between The Mount Sinai  Hospital (Mt. Sinai) and ARAMARK Management Services  Limited Partnership (ARAMARK), to provide laundry services at 
  Mt. Sinai is scheduled to terminate sometime during the period  of July 1 - July 15, 2007. As a result,  ARAMARK will permanently close its laundry operations at company location noted  above.",Plant Closing,Plant  Closing,"Local 1199,  SEIU","Jim Valeri, Human Resources Director",(215) 238-3078,1544
"Eden Park Health Services, Inc.
   136 Parkway Drive
  Cobleskill, NY 12043",Nursing Home,Schoharie | WIB: FMS | Region: CENTRAL REGION,180,180,4/24/2007,"The closing will be conducted in phases with the first  terminations beginning in April, 2007.",7/23/2007,New Ownership for their Northeast operations (Eden  Park Management Inc.) and economic reasons at the Cobleskill facility.,Plant Closing,Plant  Closing,The workers are not represented by a  union.,"Charles J. Myers, Director of Human Resources",(518) 436-4731,1543
"Fremont Investment & Loan
   555 Taxter    Road, Suite 220
  Elmsford, NY 10523",Originating and funding sub-prime mortgages,Westchester | WIB: WESTCH/PTNM | Region: HUDSON VALLEY,-----,169,4/24/2007,5/18/2007,-----,Current market conditions and the deterioration of the  U.S.  mortgage market,,Layoff,-----,Barbara Soria,(714) 961-2208,1542
"WMC-GEMB Mortgage Corp.
   1 Ramland Road
   Orangeburg, NY",Mortgage Business,Rockland | WIB: ROCKLAND | Region: HUDSON VALLEY,500,168,4/20/2007,6/18/2007,-----,Current  market conditions and the deterioration of the U.S. mortgage market,,Mass  Layoff,None of the employees are represented by a  union.,"John A. Makarewich, Senior Vice President & Counsel",(818) 736-7306,1540
"WellPoint Inc. National Government Services
   25 Orville    Drive
  Bohemia,  NY  11716",Commercial health benefits company,Suffolk | WIB: SUFFOLK | Region: LONG ISLAND,117,63,4/16/2007,"6/15/07 – 53
   7/31/07 – 10",-----,This  layoff is driven primarily by the Centers for Medicare and Medicaid Services  (CMS) decision to consolidate beneficiary customer service and written  correspondence activities in other locations.,Mass Layoff,Mass  Layoff,"The  associates employed at the Bohemia,  NY facility are not represented by a union.  No bumping rights exist, nor are there any jobs to which these  associates may be bumped.","Jane Hurley, Manager, Human Resources",(315) 442-4054,1538
"Outsourcing Solutions, Inc. (OSI) 
  North Shore Agency (NSA)
   751 Summa    Avenue 
  Westbury,   NY 11590",Adjustment & Collection Services,Nassau | WIB: HEMPSTEAD  | Region: LONG ISLAND,43,43,4/16/2007,4/30/2007,6/1/2007,"Outsourcing  a portion of their production operations and relocating remaining operations to a new location in Melville, NY",,Plant  Closing,The workforce of OSI and NSA is not  represented by a labor organization and there is no provision for bumping  rights.,"Peter A. Pugal, Senior Vice President HR Services",(262) 787-4120,1537
"Amherst Injection Molding
   500 Commerce    Drive
  Amherst, NY 14228",Production  of custom injection molded thermoplastic components and assemblies for the  automotive and consumer goods industries.,Erie | WIB: ERIE | Region: WESTERN  REGION,161,161,4/11/2007,5/1/2007,11/1/2007,Economic,,Plant  Closing,U.A.W Local  #2094,"Karen A. Hess, HR Manager",(716) 691-6223 Ext. 119,1535
"Crotched Mountain Crotched  Mountain
   1873 Western    Avenue 573 Main Street,    Suite #1
   Albany, NY  12203 Cobleskill, NY 12043",Serve individuals with disabilities and their families,"Albany  | WIB: Capital District | Region: Capital District
   Schoharie / WIB: FMS / Region:  Central Region",70,70 (both locations combined),4/9/2007,6/4/2007,6/30/2007,Economic,,Plant  Closing,There are no  unions which represent the employees of Crotched Mountain,"Meredith P. Cook, Counsel",(603)  629-4511,1534
"New  Century Financial Corporation (on behalf of itself and its subsidiaries, New  Century 
  Mortgage Corporation and Home123  Corporation)
  2 Bluehill Plaza, 1st Floor
  Pearl River, NY 10965 2 Huntington  Quadrangle, Suites   1S01 and 1S04
  Melville, NY 11747",Nationwide specialty mortgage banking company,"Rockland | WIB: Rockland | Region: Hudson Valley 
   Suffolk  / WIB: Suffolk / Region: Long Island  Region",140,140  (all 3 locations),4/6/2007,4/2/2007,4/2/2007,Economic,,Plant  Closing,The affected employees are unrepresented,"Tim Clark, Vice President, Human Resources",(866) 598-8678,1533
"PT Petro Corp and Getty Terminals Corp.
   3023 Greenpoint    Avenue
  Long Island City,   NY 11101",Petroleum terminals,"Queens & Bronx | WIB: New York City | Region: New York City 
   Nassau  / WIB: Nassau Co. (Hempstead) / Region: Long Island 
   Rensselaer  / WIB: Albany/Rens./Schenectady / Region: Capital District
   
  Contact: Carolann Gaites, Director of Human Resources",-----,13,3/30/2007,5/31/2007,*,Economic,Other,Layoff,"United Service Workers Union  - IUJAT, Local 355",,(516) 542-4999,1530
"Van Der Moolen Specialists USA, LLC
   45 Broadway
  New York, NY 10006",Specialist firm on New York Stock Exchange,New York | WIB: NEW YORK CITY | Region: NEW YORK CITY,152,15 (assigned to the Company’s corporate offices),3/27/2007,5/22/2007 through 5/26/2007,-----,New and advanced technology by the NYSE,,Layoff,There is no collective bargaining agreement  or collective bargaining agent for the affected employees. No bumping rights to other employment exist.,Bill Floyd-Jones,(646) 576-2868,1526
"ACC Capital Holdings (and its subsidiaries)
  (Ameriquest  Mortgage Company, AMC Mortgage Services and Argent Mortgage
   Company)
   333 Westchester    Avenue
  White Plains,   NY",Process loans through independent mortgage brokers,"Westchester  | WIB: WESTCH/PTNM | Region: HUDSON VALLEY 
    New York City /  WIB: New York City  / Region: NYC",146,146,3/26/2007,5/25/2007,6/8/2007,Restructuring and consolidating corporate functions,Plant Closing,Plant  Closing,"There are no bumping rights in existence  with respect to the affected employees, nor are there any unions representing  the affected employees.","Lori Grigg,  Senior Vice President, Human Resources",(714) 558-5355 extension 14492,1525
"Ferro Electronic Material Systems   4511 Hyde Park    Boulevard   Niagara Falls, NY 14305",Production of dielectric and industrial ceramic  products for the electronic materials for manufacturers and other marketplaces.,Niagara | WIB: NIAGARA | Region: WESTERN  REGION,140,140,3/19/2007,"The first group of employees will be permanently  separated during the period 
  May 15 – 28, 2007 with the  final shutdown to occur by year-end at the latest.",12/07,Diminished demands for types of products produced,Plant Closing,Plant  Closing,United  Steelworkers Local 12230 represents 114 of the affected employees.,"Donald R. Kantner, SPHR",(716) 278-9425,1524
"Holiday Inn - JFK Airport   144-02 135th    Avenue   Jamaica,  NY  11436",Hotel,Queens | WIB: NEW YORK CITY | Region: NEW YORK CITY,205,205,3/19/2007,3/23/2007,-----,"Field Hotel Associates, L.P. owns and operates the  Holiday Inn – JFK   Airport. Field Hotel Associates, L.P. has agreed to  sell the Hotel to McSam Hotel Group LLC pursuant to an auction sale, which has  been approved by the United States Bankruptcy Court for the Eastern District of  Pennsylvania and which is currently scheduled to become effective as March 23,  2007.",Conditional Mass Layoff,Conditional  Mass Layoff,New York  Hotel and Motel Trades Council,"Michael Lamond, Corporate Director of Human Resources",(484) 684-1411,1523
"Oneida Ltd. (distribution facility)
   100 Highbridge    Road
  Sherrill, NY 13461",Distribution of table flatware,Oneida  | WIB: HMO | Region: CENTRAL  REGION,46,46,3/14/2007,5/14/2007,5/27/2007,Due to the closing of the Manufacturing facility in  March 2005.,Plant Closing,Plant  Closing,-----,"Wilber D. Allen, Director, Human Resources",(315) 361-3943,1522
"Bon-Ton
  3151 Sheridan Drive
  Eggertsville, NY  14226",Department store,"Erie | WIB: Erie  | Region: Western Region
  Monroe / WIB:  Monroe / Region:  Finger Lakes Region",73,73,3/13/2007,5/12/2007,5/12/2007,Expiration of lease,Plant Closing,Plant Closing,-----,"Dennis Clouser, Executive Vice President, Human Resources",(717) 751-3297,1521
"Wegmans  Food Markets, Inc.
  Wegmans Meat Center 
   1500 Brooks Avenue
  Rochester,   NY 14603",Manufacturing division (meat processing center),Monroe | WIB: MONROE | Region: Finger Lakes,240,240,3/13/2007,5/11/2007,8/5/2007,Economic,,Plant  Closing,-----,"Karen Laughlin, Manufacturing HR Coordinator",(585) 429-3778,1520
"PricewaterhouseCoopers LLP
   One Lincoln   Center
  Syracuse,   NY 13202",Accounting firm,Onondaga | WIB: ONONDAGA | Region: CENTRAL  REGION,68,68,3/12/2007,5/31/2007,5/31/2007,The decision to close was part of a national  evaluation of the firms market strategy and growth priorities.,Plant Closing,Plant  Closing,"None of the employees are represented by a  union, and employees will have no bumping rights.",John W. Oleniczak,(312) 298-2929,1519
"Photocircuits Corporation
   31 and 45    Sea Cliff Avenue
  Glen Cove,   NY",Circuit board manufacturer,Nassau | WIB: OYSTER BAY | Region: LONG ISLAND,722,722,3/6/2007,3/9/2007,3/23/2007,Economic,,Plant  Closing,The employees are not represented by a  union.,"John Ciampi, Director of Human Resources",(516) 609-1000,1517
"Konica Minolta Graphic Imaging U.S.A., Inc.
   71 Charles    Street
  Glen Cove,   NY 11542",Manufacturer of graphic arts supplies,Nassau | WIB: OYSTER BAY | Region: LONG ISLAND,283,283,3/6/2007,5/4/2007,6/30/2007,Economic,,Plant  Closing,The employees are not represented by a  union.,"Stephen Schuster, President or Frank Shapiro,  Senior Vice President",(516) 674-2595/(201) 934-4743,1516
"Forth & Towne
   675 6th Avenue and 2640    Pallsades Center Drive
  West Nyack, NY",Clothing retail,Rockland | WIB: ROCKLAND | Region: HUDSON VALLEY,115,115,3/6/2007,5/1/2007,6/30/2007,"Gap, Inc. has decided not to move forward  with a roll-out of its Forth & Towne store concept resulting in store  closing.",,Plant  Closing,-----,"Rhian Grespan, Vice President, Human Resources",(917) 332-2667,1515
"PetSmart
   1989 Transit    Way and 1901 Transit Way
  Brockport,   NY 14420","Distribution center, call center, and retail store",Monroe | WIB: MONROE | Region: FINGER LAKES,250,250,3/6/2007,"The first wave of employee lay-offs is expected to  occur on May 4, 2007 and run through December 2007.",1/1/2008,Economic,,Plant  Closing,No affected employee is represented by a  labor union.,"Jennifer Browning, Senior Counsel, PetSmart or Ken  Barckett, Field People VP",(623) 587-2213/(623) 587-2729,1514
"Hydro Aluminum North America, Inc.
   (aluminum extrusion operations)
   9 Aluminum    Drive
  Ellenville,   NY 12428",Energy and aluminum supplier; metal extrusion,Ulster |  WIB: ULSTER | Region: HUDSON VALLEY,296,246 (The extrusion operations will cease; the casthouse  operations will continue.),3/5/2007,5/14/2007,6/30/2007,Economic,,Plant  Unit Closing,"United  Steelworkers of America  (USWA), AFL-CIO, CLC Local 7834 and 7834-A",Anne Denford,(410) 487-8094,1513
"HP Hood LLC
   Crowley Foods, Albany  DIvision
  Albany,   NY 12206",Milk Production and Warehouse,Albany  | WIB: CAPITAL DISTRICT | Region: CAPITAL  DISTRICT,99,78,2/27/2007,14 day period beginning 4/28/2007,5/12/2007,Economic,,Plant  Closing,"Bakery, Laundry, Beverage Drivers","Stephen Lawson, Director of Human Resouces",(413) 726-2367,1512
"Crysteel  Manufacturing Inc
  TBEI-Fulton
   1902  Rte. 57 
  Fulton,   NY 13069",Manufacturer  of truck bodies and equipment,Oswego | WIB: Oswego | Region: CENTRAL REGION,64,64,2/22/2006,4/22/2007,4/22/2007,Economic,,Plant  Closing,--,Kris  Burke,(315) 598-0708,1511
"Eber Bros. Wine & Liquor Corp.
   305 S. Regent    Street
  Port Chester,   NY 10573",Wine & spirits distribution corp.,"Monroe | WIB: Monroe | Region: Finger Lakes 
   Erie /  WIB: Erie/  Region: Western Region
   Onondaga / WIB: Syracuse/Onondaga /  Region: Central Region
   Albany  / WIB: Albany /  Region: Capital District
   Westchester / WIB: Westchester (Bal.)  Putnam / Region: Hudson Valley  Region",212,212,2/20/2007,3/18/2007,3/31/2007,Economic; continued consolidation at the supplier  level and a resulting loss of major supplier lines. Eber Bros. Wine & Liquor Corp. has  reached an agreement with Southern Wine and Spirits by which Southern will  acquire the inventory and some of the assets of Eber Bros. Wine & Liquor  Corp. The deal provides that Southern  has no obligation to hire any of Eber Bros. Wine & Liquor Corp. current  employees.,Plant Closing,Plant  Closing,"Chauffeur, Warehousemen & Helpers of America,  AFL-CIO, Local 277; International Brotherhood of Teamsters, Local 118; Bakery,  Laundry and Beverage Drivers, Local 669",Meg Collins,(585) 617-1047,1509
"Del Laboratories, Inc.
   99 Creek Street
   Canajoharie, NY 13317",Manufactures plastic blow molded bottles for cosmetics,Montgomery  | WIB: FMS | Region: CENTRAL  REGION,80,80,2/12/2007,4/12/2007,5/31/2007,Economic,Plant Closing,Plant  Closing,Employees are not represented by any labor  organization.,"Rene Veilleux, VP of Human Resources",(800) 645-9888 ext. 2333,1507
"Bank of America Specialist Organization
   14 Wall Street
  New York,   NY",Trading,New York | WIB: NEW YORK CITY | Region: NEW YORK CITY,270,38,2/7/2007,"March 18, 2007.  There will be some additional reductions in this department occuring in  intervals between approximately March 19, 2007 to December 2007.",-----,New and advanced technology by the New York Stock  Exchange,,Layoff,No bumping rights exist.,"John Collingwood, Senior Vice President",(202) 351-0111,1506
"Eaton Corporation
   1920 Route 96
  Phelps, NY 14532",Manufactures Solenoid valves for aircraft,Ontario | WIB: FINGER LAKES | Region: FINGER LAKES,169,169 (117  full-time and 52 temporary),2/2/2007,3/30/2007,3/30/2007,"Moving manufacture of product to Tijuana, Mexico",,Plant  Closing,-----,"Jill Thurmaier, HR Manager",(315) 548-6809,1504
"Cohoes Fashions, Inc.
   3349 Monroe    Avenue
  Rochester, NY 14618",Department store,Monroe | WIB: MONROE | Region: FINGER LAKES,74,74,2/2/2007,3/30/2007,3/30/2007,Economic,,Plant  Closing,-----,"Judith R. Mascio, Director, Human Resources",(609) 387-7800 ext. 2217,1503
"The Bank of New    York (BNY)
   440 Mamaroneck    Avenue
  Harrison, NY 10528",Bank,Westchester | WIB: WESTCH/PTNM | Region: HUDSON VALLEY,570,292,2/1/2007,3/30/2007 --  7/27/07,-----,A result of a corporate transaction and related  organizational restructuring,,Mass  Layoff,None,"Catherine L. Schwartz, Vice President, Human Resources",(914) 899-6153,1502
"Princeton Laundry, Inc.
   781 East 133rd    Street
  Bronx, NY 10454",Hand Launderers & Custom Dry Cleaners,Bronx | WIB: NEW YORK CITY | Region: NEW YORK CITY,169,169,2/1/2007,3/31/2007,3/31/2007,"Relocating to Patterson,   New Jersey",,Plant  Closing,"Laundry, Dry  Cleaning and Allied Workers Joint Board, UNITE HERE","Michael Garlasco, Vice President",(718) 993-7760,1501
"Pfizer, Inc.
   630 Flushing    Avenue
  Brooklyn, NY 11206",Pharmaceutical plant,New York | WIB: NEW YORK CITY | Region: NEW YORK CITY,630,90,2/1/2007,The reduction of approximately 90 employees will take  place in the later part of the first quarter 2007.,Plant operations will cease and close by the end of  2008.,Economic (several of their best-selling drugs are  losing their patent protection).,,Plant  Closing,None,Jeanette Brizel,(212) 733-6496,1500
"Quality Jamestown Warehouse, a division of Penn  Traffic Company
   101 Jackson    Avenue, W.E.
  Jamestown, NY",Non-food distribution center,Chautauqua | WIB: CHAUTAUQUA | Region: WESTERN REGION,54,54 (49 union and 5 non-union),2/1/07,3/26/2007,3/26/2007,Economic,,Plant  Closing,Local One  UFCW,"Christine McMahon, VP, Human Resources",(315) 457-9460,1499
"La  Cite Associates, LLC, a wholly owned subsidiary of The Smith & Wollensky
   Restaurant Group, Inc.
   120 West 51st    Street
  New York, NY 10020",Restaurant,New York | WIB: NEW YORK CITY | Region: NEW YORK CITY,120,120,2/1/2007,4/2/2007,4/2/2007,Financial considerations,,Plant  Closing,Bumping rights do not exist,"Kevin Dillon, Director of Operations",(212) 838-2061  extension 2322,1498
"Rose Associates Town & Village LLC
   317 Avenue C
  New York, NY 10010",Management Services at the Peter Cooper  Village/Stuyvesant Town properties (apartment complex in Manhattan),New York | WIB: NEW YORK CITY | Region: NEW YORK CITY,194,194,2/1/2007,3/31/2007,3/31/2007,Sale of the Peter Cooper Village/Stuyvesant Town  properties to Tishman Speyer. Tishman  Speyer are planning to assume many of the employees of Rose Associates Town  & Village LLC.,,Plant  Closing,There are no applicable bumping rights,"Jennifer D. Cline, HR Generalist",(212) 210-6645,1497
"Van Der Moolen Specialists USA, LLC
   45 Broadway
  New York, NY 10006",Specialist firm on New York Stock Exchange (NYSE),New York | WIB: NEW YORK CITY | Region: NEW YORK CITY,197,45,1/30/2007,3/25/2007,-----,New and advanced technology by the NYSE,,Layoff,,Bill Floyd-Jones,(646) 576-2868,1494
"Aon Risk Services, Aon Client Services
   199 Water    Street
  New York, NY",Insurance brockerage firm,New York | WIB: NEW YORK CITY | Region: NEW YORK CITY,250,170,1/29/2007,3/31/2007,3/31/2007,Consolidation,,Plant  Unit Closing,"Because this is a permanent separation,  bumping rights do not apply.","Maureen Degen, Director, Human Resources",(847) 953-2201,1491
"GED Integrated Solutions
   140 Commerce    Drive
  Hauppauge, NY 11788","Manufacturers of machinery for the insulating, flat  glass, and window industries.",Suffolk | WIB: SUFFOLK | Region: LONG ISLAND,54,54,1/26/2007,3/26/2007,3/31/2007,Economic,,Plant  Closing,"There is no company policy which provides  for transfer, bump, or reassignment of employees.","Richard Jackson, Director, Human Resources",(330) 963-5401,1490
"American Rock Salt Company, LLC
   5520 Route 63
  Mt. Morris, NY 14510",Salt mine,Livingston | WIB: GLOW | Region: FINGER LAKES,220,123 (22 non-union and 101 union),1/23/2007,"The company placed a number of employees on temporary  layoff beginning December 21, 2006. At  the time of the layoff, they expected to recall all employees on January 15,  2007. Prior to January 15, 2007, they extended  the layoff another two weeks until January 29, 2007. As a result of the unforeseen and  unprecedented weather this season, and the corresponding downturn in business,  it has been reasonably foreseeable that the current layoff of employees may be  extended for more than six months.",-----,"Result of unforeseen and unprecedented weather this  season, and the corresponding downturn in business.",,Mass  Layoff,"United Steelworkers of America, Local 763. Pursuant to the parties’ Collective  Bargaining Agreement, seniority is a factor considered by the company when  making both layoff and recall decisions, and “bumping rights” exist as set  forth in that Agreement.","Gary L. Perrin, HR Manager",(585) 991-6846,1483
"Concord Electronics Corporation
   30 Great Jones    Street
  New York, NY 10012","Electronic component hardware, interconnects and test  accessories",New York | WIB: NEW YORK CITY | Region: NEW YORK CITY,109,109,1/16/2007,3/13/2007,3/13/2007,Unable to find affordable & suitable facility to  move to in NYC,,Plant  Closing,"Local 348-S, United Food and Commercial Workers Union",Irving Kuznetzow,(212) 777-6571,1482
"Cargill (salt mine)
   191 Portland    Point Road
  Lansing, NY 14882",Salt mine,Tompkins | WIB: TOMPKINS | Region: SOUTHERN  TIER,189,80,1/16/2007,"While  no exact date has been established for this mass layoff, it is anticipated to  take place between March 12, 2007 and March 26, 2007.",-----,Due  to adverse business conditions,Mass Layoff (temporary),Mass  Layoff (temporary),-----,"Steve Horne, Mine Manager or Toni Adams (607) 533-4221  ext. 337",( 607) 753-4221 ext. 353,1481
"TSYS Prepaid
   535 Fifth    Avenue, 3rd Floor
  Manhattan, NY",Provider of prepaid card solutions,New York | WIB: NEW YORK CITY | Region: NEW YORK CITY,65,65,1/11/2007,6/1/07,6/1/07,"Moving operations to Alpharetta,  Georgia and Columbus, Georgia",,Plant  Closing,"As this is a permanent closing, no bumping  rights exist.","Matthew Franhsen, Associate Human Resources Director",(706) 644-9838,1480
"Citizens Telecommunications Company of New York, Inc.  (Frontier)
   60 Church    Street
  Gloversville, NY 12078",Call Center,Fulton  | WIB: FMS | Region: CENTRAL  REGION,204,204,1/2/2007,3/1/2007,3/14/2007,Company consolidation,,Plant  Closing,"Local Union 363,  International Brotherhood of Electrical Workers, AFL-CIO","Joyce Robbins, Director of Human Resources",(518) 773-6239,1476
